SHALL00502_SHALL00602x,SHALL00502,SHALL00602
SELEV00Z02_SHALL020002,SHALL02002,SELEV00Z02
SHALL020002_SREST00102,SHALL02002,SREST00102
SHALL01802_SREST00102,SREST00102,SHALL01802
SDEPT00202_SHALL00402,SHALL00402,SDEPT00202
SHALL00502_SHALL00602,SHALL00502,SHALL00602
SHALL00602_SHALL01202,SHALL00602,SHALL01202
SHALL01102_SHALL01202,SHALL01202,SHALL01102
SHALL00702_SHALL01202,SHALL01202,SHALL00702
SHALL00702_SREST00202,SHALL00702,SREST00202
SHALL00702_SHALL00802,SHALL00702,SHALL00802
SHALL00802_SHALL00902,SHALL00802,SHALL00902
SDEPT00402_SHALL00902,SHALL00902,SDEPT00402
SELEV00X02_SHALL01002,SHALL01002,SELEV00X02
SHALL01002_SSTAI00102,SHALL01002,SSTAI00102
SHALL01002_SHALL01102,SHALL01002,SHALL01102
SDEPT00602_SHALL01502,SHALL01502,SDEPT00602
SHALL01502_SSERV00102,SHALL01502,SSERV00102
SHALL01602_SSERV00302,SHALL01602,SSERV00302
SHALL01602_SLABS00202,SHALL01602,SLABS00202
SHALL01702_SRETL00102,SHALL01702,SRETL00102
SHALL01702_SSERV00202,SHALL01702,SSERV00202
SDEPT00702_SHALL01802,SHALL01802,SDEPT00702
SHALL00602_SRETL00202,SHALL00602,SRETL00202
SDEPT00404_SHALL00504,SHALL00504,SDEPT00404
SHALL00904_STAIR00304,SHALL00904,STAIR00304
SDEPT00104_SHALL00204,SHALL00204,SDEPT00104
SHALL00104_SHALL00604,SHALL00104,SHALL00604
SCONF00104_SHALL00604,SHALL00604,SCONF00104
SHALL00604_SHALL00704,SHALL00604,SHALL00704
SCONF00204_SHALL00704,SHALL00704,SCONF00204
SDEPT00504_SHALL00704,SHALL00704,SDEPT00504
SDEPT00204_SHALL00304,SHALL00304,SDEPT00204
SCONF00304_SHALL00804,SHALL00804,SCONF00304
SDEPT00604_SHALL00804,SHALL00804,SDEPT00604
SDEPT00304_SHALL00404,SHALL00404,SDEPT00304
SHALL00404_SSTAI00104,SHALL00404,SSTAI00104
SHALL00104_SHALL01004,SHALL00104,SHALL01004
SELEV00Y04_SHALL01004,SHALL01004,SELEV00Y04
SELEV00Z04_SHALL01004,SHALL01004,SELEV00Z04
SHALL01104_SSTAI00404,SHALL01104,SSTAI00404
SDEPT00704_SHALL01204,SHALL01204,SDEPT00704
SDEPT00804_SHALL01304,SDEPT00804,SHALL01304
SHALL01504_SHALL01604,SHALL01504,SHALL01604
SHALL01504_SHALL02404,SHALL01504,SHALL02404
SHALL01604_SHALL01704,SHALL01604,SHALL01704
SDEPT01004_SHALL01704,SHALL01704,SDEPT01004
SHALL01704_SHALL01804x,SHALL01704,SHALL01804
SHALL01704_SHALL01804,SHALL01704,SHALL01804
SDEPT01104_SHALL01804,SHALL01804,SDEPT01104
SDEPT01204_SHALL01804,SHALL01804,SDEPT01204
SDEPT01404_SHALL02104,SHALL02104,SDEPT01404
SHALL02104_SHALL02204,SHALL02104,SHALL02204
SELEV00X04_SHALL02404,SHALL02404,SELEV00X04
SHALL02404_SSTAI00504,SHALL02404,SSTAI00504
SHALL02304x_SHALL02404,SHALL02404,SHALL02304
SHALL01904_SHALL02304,SHALL02304,SHALL01904
SDEPT01304_SHALL01904,SHALL01904,SDEPT01304
SDEPT00305_SHALL00405,SDEPT00305,SHALL00405
SHALL00405_SSTAI00105,SHALL00405,SSTAI00105
SDEPT00205_SHALL00305,SHALL00305,SDEPT00205
SHALL00305_SHALL00505,SHALL00305,SHALL00505
SHALL00105_SHALL00505,SHALL00505,SHALL00105
SHALL00105_SHALL00205,SHALL00105,SHALL00205
SDEPT00105_SHALL00205,SHALL00205,SDEPT00105
SHALL00205_SHALL00705,SHALL00205,SHALL00705
SELEV00Z05_SHALL00705,SHALL00705,SELEV00Z05
SHALL00705_SHALL00805,SHALL00705,SHALL00805
SHALL00805_SHALL01005,SHALL00805,SHALL01005
SHALL00905_SHALL01005,SHALL01005,SHALL00905
SHALL00605_SHALL00905,SHALL00905,SHALL00605
SHALL00605_SREST00105,SHALL00605,SREST00105
SELEV00Y05_SHALL00605,SHALL00605,SELEV00Y05
SHALL00505_SHALL00605,SHALL00505,SHALL00605
SHALL01005_SHALL01105,SHALL01005,SHALL01105
SHALL01105_SSTAI00205,SHALL01105,SSTAI00205
SDEPT00405_SHALL01105,SHALL01105,SDEPT00405
SHALL01105_SHALL01205,SHALL01105,SHALL01205
SDEPT00505_SHALL01205,SHALL01205,SDEPT00505
SHALL01205_SHALL01305,SHALL01205,SHALL01305
SDEPT00605_SHALL01305,SHALL01305,SDEPT00605
SHALL01305_SHALL01405,SHALL01305,SHALL01405
SDEPT00705_SHALL01405,SHALL01405,SDEPT00705
SHALL01405_SHALL01505,SHALL01405,SHALL01505
SDEPT00805_SHALL01505,SHALL01505,SDEPT00805
SHALL01505_SHALL01605,SHALL01505,SHALL01605
SHALL01605_SHALL01705,SHALL01605,SHALL01705
SDEPT01105_SHALL01705,SHALL01705,SDEPT01105
SHALL01605_SHALL01905,SHALL01605,SHALL01905
SHALL01905_SSTAI00305,SHALL01905,SSTAI00305
SELEV00X05_SHALL01905,SHALL01905,SELEV00X05
SHALL01905_SHALL02005,SHALL01905,SHALL02005
SDEPT01005_SHALL02005,SHALL02005,SDEPT01005
SDEPT01105_SHALL02005,SHALL02005,SDEPT01105
SDEPT00905_SHALL02005,SHALL02005,SDEPT00905
SHALL01605_SHALL01805,SHALL01605,SHALL01805
SDEPT00905_SHALL01805,SHALL01805,SDEPT00905
SEXIT00101_SRETL00101,SEXIT00101,SRETL00101
SEXIT00101_SSERV00101,SSERV00101,SEXIT00101
SHALL00101_SRETL00101,SRETL00101,SHALL00101
SHALL00101_SHALL00201,SHALL00101,SHALL00201
SHALL00101_SHALL00301,SHALL00101,SHALL00301
SELEV00X01_SHALL00301,SHALL00301,SELEV00X01
SHALL00301_SSTAI00101,SHALL00301,SSTAI00101
SHALL00301_SHALL00401,SHALL00301,SHALL00401
SHALL00401_SREST00301,SHALL00401,SREST00301
SHALL00401_SHALL00701,SHALL00401,SHALL00701
SHALL00701_SHALL02001,SHALL00701,SHALL02001
SHALL01901x_SHALL02001,SHALL02001,SHALL01901
SDEPT00901x_SHALL01901,SHALL01901,SDEPT00901
SDEPT00801x_SHALL01901,SHALL01901,SDEPT00801
SHALL00401_SHALL00501,SHALL00401,SHALL00501
SHALL00501_SREST00101,SHALL00501,SREST00101
SHALL00501_SHALL00601,SHALL00501,SHALL00601
SHALL00601_SREST00201,SHALL00601,SREST00201
SHALL00601_SHALL01301,SHALL00601,SHALL01301
SHALL00601_SHALL00801,SHALL00601,SHALL00801
SDEPT00101_SHALL00801,SHALL00801,SDEPT00101
SHALL00801_SLABS00101,SHALL00801,SLABS00101
SHALL00801_SHALL00901,SHALL00801,SHALL00901
SDEPT00201_SHALL00901,SHALL00901,SDEPT00201
SHALL00901_SHALL01001,SHALL00901,SHALL01001
SDEPT00301_SHALL01001,SHALL01001,SDEPT00301
SHALL01001_SHALL01101,SHALL01001,SHALL01101
SHALL01101_SHALL01201,SHALL01101,SHALL01201
SHALL00401_SHALL01601,SHALL00401,SHALL01601
SDEPT00601_SHALL01601,SHALL01601,SDEPT00601
SHALL01301_SHALL01401,SHALL01301,SHALL01401
SDEPT00501_SHALL01401,SHALL01401,SDEPT00501
SDEPT00401_SLABS00101,SLABS00101,SDEPT00401
SHALL01701_SHALL01801x,SHALL01701,SHALL01801
SDEPT00701x_SHALL01801,SHALL01801,SDEPT00701
SHALL01901_SHALL02001,SHALL02001,SHALL01901
SDEPT00801_SHALL01901,SHALL01901,SDEPT00801
SDEPT00901_SHALL01901,SHALL01901,SDEPT00901
SDEPT00701_SHALL01801,SHALL01801,SDEPT00701
SHALL01701_SHALL02201,SHALL01701,SHALL02201
SHALL02201_SLABS00301,SHALL02201,SLABS00301
SHALL02201_SHALL02301,SHALL02201,SHALL02301
SHALL02301_SLABS00401,SHALL02301,SLABS00401
SHALL02401_SSTAI00201,SHALL02401,SSTAI00201
SHALL02401_SSERV00201,SHALL02401,SSERV00201
SELEV00Y01_SHALL02501,SHALL02501,SELEV00Y01
SINFO00103_SSERV00203,SSERV00203,SINFO00103
SINFO00103_SINFO00303,SINFO00103,SINFO00303
SHALL01703_SHALL01803,SHALL01703,SHALL01803
SHALL01803_SSTAI00103,SHALL01803,SSTAI00103
SHALL00103_SRETL00103,SHALL00103,SRETL00103
SEXIT00103_SHALL00303,SHALL00303,SEXIT00103
SHALL00303_SHALL00403,SHALL00303,SHALL00403
SEXIT00203_SHALL00403,SHALL00403,SEXIT00203
SEXIT00203_SEXIT00303,SEXIT00203,SEXIT00303
SHALL00403_SHALL00603,SHALL00403,SHALL00603
SEXIT00403_SHALL00603,SHALL00603,SEXIT00403
SEXIT00403_SEXIT00503,SEXIT00403,SEXIT00503
SEXIT00403_SHALL00503,SEXIT00403,SHALL00503
SHALL00503_SSERV00303,SHALL00503,SSERV00303
SHALL00703_SHALL00803,SHALL00703,SHALL00803
SHALL00803_SHALL01003,SHALL00803,SHALL01003
SDEPT00103_SHALL01103,SHALL01103,SDEPT00103
SHALL01103_SHALL01203,SHALL01103,SHALL01203
SDEPT00203_SHALL01203,SHALL01203,SDEPT00203
SHALL01203_SHALL01303,SHALL01203,SHALL01303
SHALL00903_SSTAI00203,SHALL00903,SSTAI00203
SELEV00X03_SHALL00903,SHALL00903,SELEV00X03
SHALL00803_SHALL00903,SHALL00903,SHALL00803
SHALL01303_SHALL01403,SHALL01303,SHALL01403
SDEPT00303_SHALL01403,SHALL01403,SDEPT00303
SHALL01403_SHALL01503,SHALL01403,SHALL01503
SHALL00703_SHALL01603,SHALL01603,SHALL00703
SELEV00Y03_SHALL01703,SHALL01703,SELEV00Y03
SELEV00Z03_SHALL01703,SHALL01703,SELEV00Z03
SELEV00X01_SELEV00X02,SELEV00X01,SELEV00X02
SELEV00X01_SELEV00X03,SELEV00X01,SELEV00X03
SELEV00X01_SELEV00X04,SELEV00X01,SELEV00X04
SELEV00X01_SELEV00X05,SELEV00X01,SELEV00X05
SELEV00X02_SELEV00X03,SELEV00X02,SELEV00X03
SELEV00X02_SELEV00X04,SELEV00X02,SELEV00X04
SELEV00X02_SELEV00X05,SELEV00X02,SELEV00X05
SELEV00X03_SELEV00X04,SELEV00X03,SELEV00X04
SELEV00X03_SELEV00X05,SELEV00X03,SELEV00X05
SELEV00X04_SELEV00X05,SELEV00X04,SELEV00X05
SELEV00Y01_SELEV00Y02,SELEV00Y01,SELEV00Y02
SELEV00Y01_SELEV00Y03,SELEV00Y01,SELEV00Y03
SELEV00Y01_SELEV00Y04,SELEV00Y01,SELEV00Y04
SELEV00Y01_SELEV00Y05,SELEV00Y01,SELEV00Y05
SELEV00Y02_SELEV00Y03,SELEV00Y02,SELEV00Y03
SELEV00Y02_SELEV00Y04,SELEV00Y02,SELEV00Y04
SELEV00Y02_SELEV00Y05,SELEV00Y02,SELEV00Y05
SELEV00Y03_SELEV00Y04,SELEV00Y03,SELEV00Y04
SELEV00Y03_SELEV00Y05,SELEV00Y03,SELEV00Y05
SELEV00Y04_SELEV00Y05,SELEV00Y04,SELEV00Y05
SELEV00Z02_SELEV00Z03,SELEV00Z02,SELEV00Z03
SELEV00Z02_SELEV00Z04,SELEV00Z02,SELEV00Z04
SELEV00Z02_SELEV00Z05,SELEV00Z02,SELEV00Z05
SELEV00Z03_SELEV00Z04,SELEV00Z03,SELEV00Z04
SELEV00Z03_SELEV00Z05,SELEV00Z03,SELEV00Z05
SELEV00Z04_SELEV00Z05,SELEV00Z04,SELEV00Z05
SDEPT00302_SHALL00802,SHALL00802,SDEPT00302
SHALL00302_SHALL01402,SHALL00302,SHALL01402
SDEPT00502_SHALL01402,SDEPT00502,SHALL01402
SHALL01302_SLABS00102,SLABS00102,SHALL01302
SHALL01302_SHALL01502,SHALL01502,SHALL01302
SHALL01702_SLABS00302,SLABS00302,SHALL01702
SDEPT00102_SHALL00102,SHALL00102,SDEPT00102
SELEV00Y02_SHALL00102,SHALL00102,SELEV00Y02
SHALL00102_SHALL00202,SHALL00102,SHALL00202
SHALL00302_SREST00102,SREST00102,SHALL00302
SHALL02401_SHALL02501,SHALL02401,SHALL02501
SINFO00101_SRETL00101,SRETL00101,SINFO00101
SHALL00201_SINFO00101,SHALL00201,SINFO00101
SCONF00103_SHALL01903,SCONF00103,SHALL01903
SHALL00103_SHALL01903,SHALL00103,SHALL01903
SHALL00303_SHALL01903,SHALL01903,SHALL00303
SHALL01104_SHALL01204,SHALL01204,SHALL01104
SHALL01404_SHALL02004,SHALL02004,SHALL01404
SHALL01304_SHALL01404,SHALL01304,SHALL01404
SHALL01404_SHALL01404,SHALL01404,SHALL01404
SDEPT00904_SHALL01404,SDEPT00904,SHALL01404
SDEPT01204_SHALL02304,SDEPT01204,SHALL02304
SHALL01904_SHALL02204,SHALL02204,SHALL01904
SHALL02104_SHALL02504,SHALL02104,SHALL02504
SHALL01504_SHALL02504,SHALL01504,SHALL02504
SELEV00Z02_SREST00102,SREST00102,SELEV00Z02
725-342-300-5-75-84-6030068-75-27-5-9-934_SDEPT00105,725-342-300-5-75-84-6030068-75-27-5-9-934,SDEPT00105
-1-82-3-8-7-20-8-3-29658-610-1-1-6-20-6-1923-74_-9-8-7-5847-6-920-10-2-538105-2-263-5-1656-1,-1-82-3-8-7-20-8-3-29658-610-1-1-6-20-6-1923-74,-9-8-7-5847-6-920-10-2-538105-2-263-5-1656-1
-1-82-3-8-7-20-8-3-29658-610-1-1-6-20-6-1923-74_83-9726-82-339-2159-96-60-5-4185-838-4-21,-1-82-3-8-7-20-8-3-29658-610-1-1-6-20-6-1923-74,83-9726-82-339-2159-96-60-5-4185-838-4-21
-9-8-7-5847-6-920-10-2-538105-2-263-5-1656-1_725-342-300-5-75-84-6030068-75-27-5-9-934,725-342-300-5-75-84-6030068-75-27-5-9-934,-9-8-7-5847-6-920-10-2-538105-2-263-5-1656-1
-5-7-8-9-180709-13-6868-2-703-30107-410-53_83-9726-82-339-2159-96-60-5-4185-838-4-21,-5-7-8-9-180709-13-6868-2-703-30107-410-53,83-9726-82-339-2159-96-60-5-4185-838-4-21
-5-7-8-9-180709-13-6868-2-703-30107-410-53_43-55364-6-9-1-780-705-64179991-1-3-5304,43-55364-6-9-1-780-705-64179991-1-3-5304,-5-7-8-9-180709-13-6868-2-703-30107-410-53
19-905-85074-69-83-4-7-2150600-35-5-303-5_43-55364-6-9-1-780-705-64179991-1-3-5304,19-905-85074-69-83-4-7-2150600-35-5-303-5,43-55364-6-9-1-780-705-64179991-1-3-5304
-5-3637-8810-15600-7-86-7-7-50-4-635-6-31-1-6_SDEPT00305,-5-3637-8810-15600-7-86-7-7-50-4-635-6-31-1-6,SDEPT00305
-5-3637-8810-15600-7-86-7-7-50-4-635-6-31-1-6_5-81-7-5-94-452-5-804-51-69-603-74-805-6-1-85,-5-3637-8810-15600-7-86-7-7-50-4-635-6-31-1-6,5-81-7-5-94-452-5-804-51-69-603-74-805-6-1-85
1874-50-3-3-93-795-1-7-72-3-35-1-57-65-4314-3_SHALL01504,SHALL01504,1874-50-3-3-93-795-1-7-72-3-35-1-57-65-4314-3
-3049006-88-46045-1-8108-421-59-15-50-48_SHALL00104,-3049006-88-46045-1-8108-421-59-15-50-48,SHALL00104
-88-4-5-7-2-4-520-875-63-30-31-4-60-66-6-964-59_SHALL00504,-88-4-5-7-2-4-520-875-63-30-31-4-60-66-6-964-59,SHALL00504
-3049006-88-46045-1-8108-421-59-15-50-48_-88-4-5-7-2-4-520-875-63-30-31-4-60-66-6-964-59,-3049006-88-46045-1-8108-421-59-15-50-48,-88-4-5-7-2-4-520-875-63-30-31-4-60-66-6-964-59
-6-62-17-7-80548-759-4-6-1-3-550060-4-3-87-35_SHALL00904,-6-62-17-7-80548-759-4-6-1-3-550060-4-3-87-35,SHALL00904
-6-62-17-7-80548-759-4-6-1-3-550060-4-3-87-35_SHALL00504,SHALL00504,-6-62-17-7-80548-759-4-6-1-3-550060-4-3-87-35
8093-42-10-9-3460-6-90-69-18-90-96-5-6-1700_SHALL00904,SHALL00904,8093-42-10-9-3460-6-90-69-18-90-96-5-6-1700
-3-849-5-2866-7-5-68-32-1-308-78-20-3032-38-3_2-49-6-1-545756-3522-9-5-600-7-83518-46-27,-3-849-5-2866-7-5-68-32-1-308-78-20-3032-38-3,2-49-6-1-545756-3522-9-5-600-7-83518-46-27
-100-1-10-24-41-7-1-52-8-4009-165300-40-320_SSTAI00204,-100-1-10-24-41-7-1-52-8-4009-165300-40-320,SSTAI00204
-100-1-10-24-41-7-1-52-8-4009-165300-40-320_4-9959-9-8-5-57-1887-800-50-30-9-86-1422-9-5,4-9959-9-8-5-57-1887-800-50-30-9-86-1422-9-5,-100-1-10-24-41-7-1-52-8-4009-165300-40-320
-5-537-1-5977-99-5-246-5-317-8-7-97-3-8-4-7-9-1-1_SHALL00204,-5-537-1-5977-99-5-246-5-317-8-7-97-3-8-4-7-9-1-1,SHALL00204
-5-537-1-5977-99-5-246-5-317-8-7-97-3-8-4-7-9-1-1_2-49-6-1-545756-3522-9-5-600-7-83518-46-27,2-49-6-1-545756-3522-9-5-600-7-83518-46-27,-5-537-1-5977-99-5-246-5-317-8-7-97-3-8-4-7-9-1-1
-5-537-1-5977-99-5-246-5-317-8-7-97-3-8-4-7-9-1-1_7063-80-80-7-1-4-9104049-66-53-714-6-64-30,7063-80-80-7-1-4-9104049-66-53-714-6-64-30,-5-537-1-5977-99-5-246-5-317-8-7-97-3-8-4-7-9-1-1
977-30700-3-6-4-3-5409089478-67-89-2-152_SHALL00304,SHALL00304,977-30700-3-6-4-3-5409089478-67-89-2-152
4-820-506-2-31-72-25-900819-8063-5-1110-2_SHALL00804,4-820-506-2-31-72-25-900819-8063-5-1110-2,SHALL00804
0-7-84-6-814-8-414-51-20-26-5-70-1-11-53-8-900_SHALL00804,0-7-84-6-814-8-414-51-20-26-5-70-1-11-53-8-900,SHALL00804
0-7-84-6-814-8-414-51-20-26-5-70-1-11-53-8-900_SHALL00404,SHALL00404,0-7-84-6-814-8-414-51-20-26-5-70-1-11-53-8-900
0-9-3-8-548562-25-85-7-4-328-2-746879-2-13-8_977-30700-3-6-4-3-5409089478-67-89-2-152,0-9-3-8-548562-25-85-7-4-328-2-746879-2-13-8,977-30700-3-6-4-3-5409089478-67-89-2-152
0-9-3-8-548562-25-85-7-4-328-2-746879-2-13-8_4-820-506-2-31-72-25-900819-8063-5-1110-2,4-820-506-2-31-72-25-900819-8063-5-1110-2,0-9-3-8-548562-25-85-7-4-328-2-746879-2-13-8
-3-5-94-44-73-911-53-4040-36377524-3-54-39_SHALL02404,-3-5-94-44-73-911-53-4040-36377524-3-54-39,SHALL02404
-942-6-52-24-4-5-5510-1-9-11-68-2-8-5-4-8390-3-7_SHALL01404,-942-6-52-24-4-5-5510-1-9-11-68-2-8-5-4-8390-3-7,SHALL01404
-942-6-52-24-4-5-5510-1-9-11-68-2-8-5-4-8390-3-7_SHALL01204,SHALL01204,-942-6-52-24-4-5-5510-1-9-11-68-2-8-5-4-8390-3-7
36-8-2-64-4-5-190520-8-47-7400-1-54-312294_SHALL01104,36-8-2-64-4-5-190520-8-47-7400-1-54-312294,SHALL01104
36-8-2-64-4-5-190520-8-47-7400-1-54-312294_SHALL01004,SHALL01004,36-8-2-64-4-5-190520-8-47-7400-1-54-312294
2161-926-9-8-7-2-39-4440753923-753-60-8-8_36-8-2-64-4-5-190520-8-47-7400-1-54-312294,36-8-2-64-4-5-190520-8-47-7400-1-54-312294,2161-926-9-8-7-2-39-4440753923-753-60-8-8
53-1-51-5-47030-19-7-9400-59-1-51-376-4-69-7_SHALL01204,SHALL01204,53-1-51-5-47030-19-7-9400-59-1-51-376-4-69-7
-942-6-52-24-4-5-5510-1-9-11-68-2-8-5-4-8390-3-7_9-7-38-1-9-2-279-476-670020-863-800-595-65,-942-6-52-24-4-5-5510-1-9-11-68-2-8-5-4-8390-3-7,9-7-38-1-9-2-279-476-670020-863-800-595-65
-1-3-210-6-4-3-6812-8387-7757-4-2-9-86-535-20_SHALL00204,-1-3-210-6-4-3-6812-8387-7757-4-2-9-86-535-20,SHALL00204
-1-3-210-6-4-3-6812-8387-7757-4-2-9-86-535-20_4-9959-9-8-5-57-1887-800-50-30-9-86-1422-9-5,4-9959-9-8-5-57-1887-800-50-30-9-86-1422-9-5,-1-3-210-6-4-3-6812-8387-7757-4-2-9-86-535-20
-1-3-210-6-4-3-6812-8387-7757-4-2-9-86-535-20_-7-8-9-447-222-2420-30-5-40-8-606-951854-9-6,-1-3-210-6-4-3-6812-8387-7757-4-2-9-86-535-20,-7-8-9-447-222-2420-30-5-40-8-606-951854-9-6
0864-67-9-30-3513-48-8-3-11-14-9-19785-41-6_2-49-6-1-545756-3522-9-5-600-7-83518-46-27,2-49-6-1-545756-3522-9-5-600-7-83518-46-27,0864-67-9-30-3513-48-8-3-11-14-9-19785-41-6
2-49-6-1-545756-3522-9-5-600-7-83518-46-27_20241-2249-2-4-5-583081-8581-5-5-480-400,2-49-6-1-545756-3522-9-5-600-7-83518-46-27,20241-2249-2-4-5-583081-8581-5-5-480-400
-3-849-5-2866-7-5-68-32-1-308-78-20-3032-38-3_-9-218400-559-4344-7-1-637-43-1-99-2-708-1-1,-3-849-5-2866-7-5-68-32-1-308-78-20-3032-38-3,-9-218400-559-4344-7-1-637-43-1-99-2-708-1-1
-3-849-5-2866-7-5-68-32-1-308-78-20-3032-38-3_0-6-337-24-4-9-390-2805-5-82-80364-2-750-5-6,-3-849-5-2866-7-5-68-32-1-308-78-20-3032-38-3,0-6-337-24-4-9-390-2805-5-82-80364-2-750-5-6
-97-3-7-4-7-706-4-4105-4-600-3-930-4-2-863-3-6-5_8093-42-10-9-3460-6-90-69-18-90-96-5-6-1700,8093-42-10-9-3460-6-90-69-18-90-96-5-6-1700,-97-3-7-4-7-706-4-4105-4-600-3-930-4-2-863-3-6-5
8093-42-10-9-3460-6-90-69-18-90-96-5-6-1700_93409-6-18-2-60-79-1-3-42-1-48-70-4-4-8-8-1496,8093-42-10-9-3460-6-90-69-18-90-96-5-6-1700,93409-6-18-2-60-79-1-3-42-1-48-70-4-4-8-8-1496
90-1-45-49-213401-8-86-41904402-35-709-7_SHALL00904,SHALL00904,90-1-45-49-213401-8-86-41904402-35-709-7
-6-62-17-7-80548-759-4-6-1-3-550060-4-3-87-35_9-51-277-689-93-3-2-1164-60-23-18-16-5-4746,-6-62-17-7-80548-759-4-6-1-3-550060-4-3-87-35,9-51-277-689-93-3-2-1164-60-23-18-16-5-4746
-6-308-2802-788-870-190-367-67-396-17-472_3-3-94-4-1-1-2-6-1-21-8558045-2-305-6-1-4-2-2-4-8,-6-308-2802-788-870-190-367-67-396-17-472,3-3-94-4-1-1-2-6-1-21-8558045-2-305-6-1-4-2-2-4-8
-6-308-2802-788-870-190-367-67-396-17-472_SHALL02004,SHALL02004,-6-308-2802-788-870-190-367-67-396-17-472
-6-308-2802-788-870-190-367-67-396-17-472_-942-6-52-24-4-5-5510-1-9-11-68-2-8-5-4-8390-3-7,-942-6-52-24-4-5-5510-1-9-11-68-2-8-5-4-8390-3-7,-6-308-2802-788-870-190-367-67-396-17-472
-81-4-1-39-87298-7661-352200-2-579350-4-5_8093-42-10-9-3460-6-90-69-18-90-96-5-6-1700,-81-4-1-39-87298-7661-352200-2-579350-4-5,8093-42-10-9-3460-6-90-69-18-90-96-5-6-1700
-3-849-5-2866-7-5-68-32-1-308-78-20-3032-38-3_-81-4-1-39-87298-7661-352200-2-579350-4-5,-3-849-5-2866-7-5-68-32-1-308-78-20-3032-38-3,-81-4-1-39-87298-7661-352200-2-579350-4-5
-6-43-8-50-751-845-33-7-8-32243605-27-6-7-65_-81-4-1-39-87298-7661-352200-2-579350-4-5,-81-4-1-39-87298-7661-352200-2-579350-4-5,-6-43-8-50-751-845-33-7-8-32243605-27-6-7-65
-100-1-10-24-41-7-1-52-8-4009-165300-40-320_76-4087-236-40-3639-2-8-6-4-7-8-6-68-5-9-2-7-41,-100-1-10-24-41-7-1-52-8-4009-165300-40-320,76-4087-236-40-3639-2-8-6-4-7-8-6-68-5-9-2-7-41
831-3-9-382-4-71-2441836-1-22-497-7-57-861_SHALL00504,SHALL00504,831-3-9-382-4-71-2441836-1-22-497-7-57-861
-88-4-5-7-2-4-520-875-63-30-31-4-60-66-6-964-59_502-4613982-1-985-6-27-4-20-7-1-1-740-83-6-5,-88-4-5-7-2-4-520-875-63-30-31-4-60-66-6-964-59,502-4613982-1-985-6-27-4-20-7-1-1-740-83-6-5
1874-50-3-3-93-795-1-7-72-3-35-1-57-65-4314-3_99-79-5-88-3-615-501033-496737-1-7-8-9353,99-79-5-88-3-615-501033-496737-1-7-8-9353,1874-50-3-3-93-795-1-7-72-3-35-1-57-65-4314-3
3-2-30-395-5-1752-6-90-3-7-5-798-12-6-65-270-1_58-60-3-11-3309-93047124-129021-52596,58-60-3-11-3309-93047124-129021-52596,3-2-30-395-5-1752-6-90-3-7-5-798-12-6-65-270-1
58-60-3-11-3309-93047124-129021-52596_6-60-6-59-49-2-6-84-4-1-246-38-4-6605-14-89-86,58-60-3-11-3309-93047124-129021-52596,6-60-6-59-49-2-6-84-4-1-246-38-4-6605-14-89-86
259-2093-2-8-200050-8-11-5-62-82-5-507-2-70_SHALL00704,259-2093-2-8-200050-8-11-5-62-82-5-507-2-70,SHALL00704
259-2093-2-8-200050-8-11-5-62-82-5-507-2-70_SHALL00304,SHALL00304,259-2093-2-8-200050-8-11-5-62-82-5-507-2-70
259-2093-2-8-200050-8-11-5-62-82-5-507-2-70_58-60-3-11-3309-93047124-129021-52596,259-2093-2-8-200050-8-11-5-62-82-5-507-2-70,58-60-3-11-3309-93047124-129021-52596
-26905-2-7-2-100-5752-105-5280-7-5-70-2283_-7-8039690-50-3-13-18-5-7578-4-1-3120574-6,-7-8039690-50-3-13-18-5-7578-4-1-3120574-6,-26905-2-7-2-100-5752-105-5280-7-5-70-2283
-7-8039690-50-3-13-18-5-7578-4-1-3120574-6_259-2093-2-8-200050-8-11-5-62-82-5-507-2-70,259-2093-2-8-200050-8-11-5-62-82-5-507-2-70,-7-8039690-50-3-13-18-5-7578-4-1-3120574-6
76-6-605-58-772-203-616-5-4-612-5-2307-2-10_SHALL01304,76-6-605-58-772-203-616-5-4-612-5-2307-2-10,SHALL01304
1874-50-3-3-93-795-1-7-72-3-35-1-57-65-4314-3_76-6-605-58-772-203-616-5-4-612-5-2307-2-10,1874-50-3-3-93-795-1-7-72-3-35-1-57-65-4314-3,76-6-605-58-772-203-616-5-4-612-5-2307-2-10
3-5-7-32-950-6-5-6-9499936-7-67480-215-10-1_SDEPT00904,SDEPT00904,3-5-7-32-950-6-5-6-9499936-7-67480-215-10-1
3-5-7-32-950-6-5-6-9499936-7-67480-215-10-1_SDEPT00804,SDEPT00804,3-5-7-32-950-6-5-6-9499936-7-67480-215-10-1
-23-94-6-63-4028-31-5-975-6301-2908-5-6-1-4-3_76-6-605-58-772-203-616-5-4-612-5-2307-2-10,76-6-605-58-772-203-616-5-4-612-5-2307-2-10,-23-94-6-63-4028-31-5-975-6301-2908-5-6-1-4-3
-735-94-526-6-51-1-8019-9-3-7-6-7-1-7-92-8-21-9-1_SHALL00703,-735-94-526-6-51-1-8019-9-3-7-6-7-1-7-92-8-21-9-1,SHALL00703
-735-94-526-6-51-1-8019-9-3-7-6-7-1-7-92-8-21-9-1_SHALL00603,SHALL00603,-735-94-526-6-51-1-8019-9-3-7-6-7-1-7-92-8-21-9-1
-4332-7-56-67-9-260-77-7-85-74-3-62-2-65-37-1-7_SHALL00103,-4332-7-56-67-9-260-77-7-85-74-3-62-2-65-37-1-7,SHALL00103
-4332-7-56-67-9-260-77-7-85-74-3-62-2-65-37-1-7_SHALL01803,SHALL01803,-4332-7-56-67-9-260-77-7-85-74-3-62-2-65-37-1-7
2459-4-80-6-6507-943-74-1-76-17-2523-87-86_SSERV00103,2459-4-80-6-6507-943-74-1-76-17-2523-87-86,SSERV00103
2459-4-80-6-6507-943-74-1-76-17-2523-87-86_SINFO00103,SINFO00103,2459-4-80-6-6507-943-74-1-76-17-2523-87-86
454-7-3-6-502-6660-9-1-52-1-4-75700-3-8780-6_SHALL01303,454-7-3-6-502-6660-9-1-52-1-4-75700-3-8780-6,SHALL01303
454-7-3-6-502-6660-9-1-52-1-4-75700-3-8780-6_SHALL00903,SHALL00903,454-7-3-6-502-6660-9-1-52-1-4-75700-3-8780-6
04738-6-6-871-67-4-695-6-10-6250-976-55-3-3_SHALL01103,04738-6-6-871-67-4-695-6-10-6250-976-55-3-3,SHALL01103
04738-6-6-871-67-4-695-6-10-6250-976-55-3-3_SHALL01003,SHALL01003,04738-6-6-871-67-4-695-6-10-6250-976-55-3-3
-5255-7-73-3-21549-2-250-67-7973-895-1-5-77_SHALL01603,-5255-7-73-3-21549-2-250-67-7973-895-1-5-77,SHALL01603
-5255-7-73-3-21549-2-250-67-7973-895-1-5-77_SHALL01503,SHALL01503,-5255-7-73-3-21549-2-250-67-7973-895-1-5-77
89083-5-1-575-7-6-50-4-3-4-65-50-994-786-62-6_SSERV00303x,89083-5-1-575-7-6-50-4-3-4-65-50-994-786-62-6,SSERV00303x
89083-5-1-575-7-6-50-4-3-4-65-50-994-786-62-6_SINFO00203,SINFO00203,89083-5-1-575-7-6-50-4-3-4-65-50-994-786-62-6
6-26-91-6-3-704-834942-77000-5-84-5-5-9-79-7_SINFO00303,6-26-91-6-3-704-834942-77000-5-84-5-5-9-79-7,SINFO00303
6-26-91-6-3-704-834942-77000-5-84-5-5-9-79-7_SHALL01703,SHALL01703,6-26-91-6-3-704-834942-77000-5-84-5-5-9-79-7
162-11-6-5502-1-97-6-7-355070-38-41-5263-4_6-26-91-6-3-704-834942-77000-5-84-5-5-9-79-7,6-26-91-6-3-704-834942-77000-5-84-5-5-9-79-7,162-11-6-5502-1-97-6-7-355070-38-41-5263-4
-724-40570-91-6240565-4-4-3-978-4-226-189_06109-13-961-44-4017-43-56-608-30-6-3-2-2-2,06109-13-961-44-4017-43-56-608-30-6-3-2-2-2,-724-40570-91-6240565-4-4-3-978-4-226-189
06109-13-961-44-4017-43-56-608-30-6-3-2-2-2_19-45-560098-50-2-6-15-603-7-8-4-509-6-846-5,19-45-560098-50-2-6-15-603-7-8-4-509-6-846-5,06109-13-961-44-4017-43-56-608-30-6-3-2-2-2
1-5796-12-4-5-8-4-1-19-4-46-8-3-3-5329073-5-41_19-45-560098-50-2-6-15-603-7-8-4-509-6-846-5,1-5796-12-4-5-8-4-1-19-4-46-8-3-3-5329073-5-41,19-45-560098-50-2-6-15-603-7-8-4-509-6-846-5
1-5796-12-4-5-8-4-1-19-4-46-8-3-3-5329073-5-41_7-737-5-6-452-49-7-5-53-505364-1-1-2781-690,7-737-5-6-452-49-7-5-53-505364-1-1-2781-690,1-5796-12-4-5-8-4-1-19-4-46-8-3-3-5329073-5-41
-53116-5-66259377-527020-1-25-8-10-8-92-4_7-737-5-6-452-49-7-5-53-505364-1-1-2781-690,-53116-5-66259377-527020-1-25-8-10-8-92-4,7-737-5-6-452-49-7-5-53-505364-1-1-2781-690
-19-9-7-9-66-2-66-3-49-4-3-211-625-2-30-3-1-7-9-4-1_-53116-5-66259377-527020-1-25-8-10-8-92-4,-19-9-7-9-66-2-66-3-49-4-3-211-625-2-30-3-1-7-9-4-1,-53116-5-66259377-527020-1-25-8-10-8-92-4
-19-9-7-9-66-2-66-3-49-4-3-211-625-2-30-3-1-7-9-4-1_6-26-91-6-3-704-834942-77000-5-84-5-5-9-79-7,6-26-91-6-3-704-834942-77000-5-84-5-5-9-79-7,-19-9-7-9-66-2-66-3-49-4-3-211-625-2-30-3-1-7-9-4-1
162-11-6-5502-1-97-6-7-355070-38-41-5263-4_52-3-42-100-29-504-3973782-18-937-6-837-5,52-3-42-100-29-504-3973782-18-937-6-837-5,162-11-6-5502-1-97-6-7-355070-38-41-5263-4
-1751-7-51-61-1-89-18-3-14-531-6-208-6-1-59-3-7_52-3-42-100-29-504-3973782-18-937-6-837-5,-1751-7-51-61-1-89-18-3-14-531-6-208-6-1-59-3-7,52-3-42-100-29-504-3973782-18-937-6-837-5
-1751-7-51-61-1-89-18-3-14-531-6-208-6-1-59-3-7_-8730-789508-637-5-586-90-3-232-8915-339,-8730-789508-637-5-586-90-3-232-8915-339,-1751-7-51-61-1-89-18-3-14-531-6-208-6-1-59-3-7
-8730-789508-637-5-586-90-3-232-8915-339_1-25-9446-70308-7491-653-92-970-4-2-4283,1-25-9446-70308-7491-653-92-970-4-2-4283,-8730-789508-637-5-586-90-3-232-8915-339
1-25-9446-70308-7491-653-92-970-4-2-4283_77-5-1607-9-5806-4900-6007-51-528-59-7-79,77-5-1607-9-5806-4900-6007-51-528-59-7-79,1-25-9446-70308-7491-653-92-970-4-2-4283
-117-10-19253-3383-7-9008-37-16-5510589_77-5-1607-9-5806-4900-6007-51-528-59-7-79,-117-10-19253-3383-7-9008-37-16-5510589,77-5-1607-9-5806-4900-6007-51-528-59-7-79
59787500875-91-90-2-9-246-665-227-7-617_SHALL01803,SHALL01803,59787500875-91-90-2-9-246-665-227-7-617
8461-54-4941767-86-4209-75-88-5901005_SHALL00103,SHALL00103,8461-54-4941767-86-4209-75-88-5901005
-40-998-9-79-1-50-88-1-3-31-9-8-12-83-3-9-99-78-9_SRETL00103x,-40-998-9-79-1-50-88-1-3-31-9-8-12-83-3-9-99-78-9,SRETL00103x
-1-83-70076019508-4-839-4-5310-913-8-681_-40-998-9-79-1-50-88-1-3-31-9-8-12-83-3-9-99-78-9,-1-83-70076019508-4-839-4-5310-913-8-681,-40-998-9-79-1-50-88-1-3-31-9-8-12-83-3-9-99-78-9
-1-83-70076019508-4-839-4-5310-913-8-681_SEXIT00103,SEXIT00103,-1-83-70076019508-4-839-4-5310-913-8-681
-1-83-70076019508-4-839-4-5310-913-8-681_50-586461-620-24-3-298039-6610-9-2502-2,50-586461-620-24-3-298039-6610-9-2502-2,-1-83-70076019508-4-839-4-5310-913-8-681
50-586461-620-24-3-298039-6610-9-2502-2_8461-54-4941767-86-4209-75-88-5901005,8461-54-4941767-86-4209-75-88-5901005,50-586461-620-24-3-298039-6610-9-2502-2
50-586461-620-24-3-298039-6610-9-2502-2_SHALL01903,SHALL01903,50-586461-620-24-3-298039-6610-9-2502-2
-1-83-70076019508-4-839-4-5310-913-8-681_-83-309-5-2-11-40-8-11-40-8-741-953-13-1-8550,-83-309-5-2-11-40-8-11-40-8-741-953-13-1-8550,-1-83-70076019508-4-839-4-5310-913-8-681
-83-309-5-2-11-40-8-11-40-8-741-953-13-1-8550_SEXIT00303,SEXIT00303,-83-309-5-2-11-40-8-11-40-8-741-953-13-1-8550
-83-309-5-2-11-40-8-11-40-8-741-953-13-1-8550_SEXIT00103,SEXIT00103,-83-309-5-2-11-40-8-11-40-8-741-953-13-1-8550
50-586461-620-24-3-298039-6610-9-2502-2_SEXIT00103,SEXIT00103,50-586461-620-24-3-298039-6610-9-2502-2
-7-7869-9-708-961-31487622-97-1-3-762-69-7_-9-3-78-1-3-76-6-344850-90-3-56874-1-60-34-3-2,-9-3-78-1-3-76-6-344850-90-3-56874-1-60-34-3-2,-7-7869-9-708-961-31487622-97-1-3-762-69-7
-9-3-78-1-3-76-6-344850-90-3-56874-1-60-34-3-2_52-3-42-100-29-504-3973782-18-937-6-837-5,-9-3-78-1-3-76-6-344850-90-3-56874-1-60-34-3-2,52-3-42-100-29-504-3973782-18-937-6-837-5
-40-998-9-79-1-50-88-1-3-31-9-8-12-83-3-9-99-78-9_-83-309-5-2-11-40-8-11-40-8-741-953-13-1-8550,-83-309-5-2-11-40-8-11-40-8-741-953-13-1-8550,-40-998-9-79-1-50-88-1-3-31-9-8-12-83-3-9-99-78-9
-8-44-7-950-3-81-85-833-189-840-30-953-6-7-4-3_SHALL00502,-8-44-7-950-3-81-85-833-189-840-30-953-6-7-4-3,SHALL00502
-4-7186-57-3-6-43-59-6-7-1524116730-6-9-12-1_SHALL00402,-4-7186-57-3-6-43-59-6-7-1524116730-6-9-12-1,SHALL00402
-4-7186-57-3-6-43-59-6-7-1524116730-6-9-12-1_-8-44-7-950-3-81-85-833-189-840-30-953-6-7-4-3,-8-44-7-950-3-81-85-833-189-840-30-953-6-7-4-3,-4-7186-57-3-6-43-59-6-7-1524116730-6-9-12-1
-816-2-782319-222-70007-461-10-9-20-6-7-9-9_SHALL01802,-816-2-782319-222-70007-461-10-9-20-6-7-9-9,SHALL01802
-816-2-782319-222-70007-461-10-9-20-6-7-9-9_SHALL00402,SHALL00402,-816-2-782319-222-70007-461-10-9-20-6-7-9-9
-622-2-1237433-1-145-48-1-568-957-6-7-3706_SHALL00202,-622-2-1237433-1-145-48-1-568-957-6-7-3706,SHALL00202
-622-2-1237433-1-145-48-1-568-957-6-7-3706_SHALL00302,SHALL00302,-622-2-1237433-1-145-48-1-568-957-6-7-3706
-9-9-20-93-102-21-20-70-15-12802-9-7-21-9-5-81_SHALL00102,SHALL00102,-9-9-20-93-102-21-20-70-15-12802-9-7-21-9-5-81
-5-1-48873-57-914-800114182-61-7-725-1-34_-9-9-20-93-102-21-20-70-15-12802-9-7-21-9-5-81,-9-9-20-93-102-21-20-70-15-12802-9-7-21-9-5-81,-5-1-48873-57-914-800114182-61-7-725-1-34
-5-1-48873-57-914-800114182-61-7-725-1-34_00-5-8-5-9-65-7-1-70-6613-156-3-78-77-5-6-7-233,-5-1-48873-57-914-800114182-61-7-725-1-34,00-5-8-5-9-65-7-1-70-6613-156-3-78-77-5-6-7-233
-8-90-65-2-4-3-8-400-5-78-93753-2-197-9-235-61_SHALL01302,-8-90-65-2-4-3-8-400-5-78-93753-2-197-9-235-61,SHALL01302
-8-90-65-2-4-3-8-400-5-78-93753-2-197-9-235-61_00-5-8-5-9-65-7-1-70-6613-156-3-78-77-5-6-7-233,00-5-8-5-9-65-7-1-70-6613-156-3-78-77-5-6-7-233,-8-90-65-2-4-3-8-400-5-78-93753-2-197-9-235-61
-3-64-40-441222535-8-94170-5-651-7-26802_SHALL01502,SHALL01502,-3-64-40-441222535-8-94170-5-651-7-26802
-6-491-5-2-2-5-91-20-81-6-4-95987-9255247-68_SHALL01602,-6-491-5-2-2-5-91-20-81-6-4-95987-9255247-68,SHALL01602
-3-64-40-441222535-8-94170-5-651-7-26802_-6-491-5-2-2-5-91-20-81-6-4-95987-9255247-68,-3-64-40-441222535-8-94170-5-651-7-26802,-6-491-5-2-2-5-91-20-81-6-4-95987-9255247-68
-48-54263056980831-2-90-6-3-19-3-132-671_SHALL01702,-48-54263056980831-2-90-6-3-19-3-132-671,SHALL01702
-48-54263056980831-2-90-6-3-19-3-132-671_SHALL01602,SHALL01602,-48-54263056980831-2-90-6-3-19-3-132-671
-5702-938-45-5-2-8-1-9-617885-5034-6-31-3-48_SHALL00902,-5702-938-45-5-2-8-1-9-617885-5034-6-31-3-48,SHALL00902
-5702-938-45-5-2-8-1-9-617885-5034-6-31-3-48_SHALL01002,SHALL01002,-5702-938-45-5-2-8-1-9-617885-5034-6-31-3-48
-54-274-71-6-74-69-2373-5-46-494-4-2-1-6-1-77-3_5-7-9-9-76-3-2-2-7-970-2-49-475743924-7936-4,-54-274-71-6-74-69-2373-5-46-494-4-2-1-6-1-77-3,5-7-9-9-76-3-2-2-7-970-2-49-475743924-7936-4
-54-274-71-6-74-69-2373-5-46-494-4-2-1-6-1-77-3_SDEPT00402,SDEPT00402,-54-274-71-6-74-69-2373-5-46-494-4-2-1-6-1-77-3
020358-4-45-8484-85-83209120489-97-53_5-770063-230-96-1-3601-650-54690-23-658,020358-4-45-8484-85-83209120489-97-53,5-770063-230-96-1-3601-650-54690-23-658
020358-4-45-8484-85-83209120489-97-53_050-3-2-1-1617-29-82-6-6-7-13-88861-19373-3,050-3-2-1-1617-29-82-6-6-7-13-88861-19373-3,020358-4-45-8484-85-83209120489-97-53
-33-16-5-1-3-5-506-492545-1-71-89486-90-4-6-3_020358-4-45-8484-85-83209120489-97-53,-33-16-5-1-3-5-506-492545-1-71-89486-90-4-6-3,020358-4-45-8484-85-83209120489-97-53
-33-16-5-1-3-5-506-492545-1-71-89486-90-4-6-3_050-3-2-1-1617-29-82-6-6-7-13-88861-19373-3,050-3-2-1-1617-29-82-6-6-7-13-88861-19373-3,-33-16-5-1-3-5-506-492545-1-71-89486-90-4-6-3
050-3-2-1-1617-29-82-6-6-7-13-88861-19373-3_9-15183-30-11-4-1-3-27057-82-2-3-778-5-8-2-6-7,050-3-2-1-1617-29-82-6-6-7-13-88861-19373-3,9-15183-30-11-4-1-3-27057-82-2-3-778-5-8-2-6-7
020358-4-45-8484-85-83209120489-97-53_9-15183-30-11-4-1-3-27057-82-2-3-778-5-8-2-6-7,020358-4-45-8484-85-83209120489-97-53,9-15183-30-11-4-1-3-27057-82-2-3-778-5-8-2-6-7
050-3-2-1-1617-29-82-6-6-7-13-88861-19373-3_2-8-3-4-9-174-63-4-7-9-45002138-97-9-3-237-7-6,2-8-3-4-9-174-63-4-7-9-45002138-97-9-3-237-7-6,050-3-2-1-1617-29-82-6-6-7-13-88861-19373-3
-51-44-4-7-9-96-37-59-1-2734-2-6415-14-3-250-6_2-8-3-4-9-174-63-4-7-9-45002138-97-9-3-237-7-6,-51-44-4-7-9-96-37-59-1-2734-2-6415-14-3-250-6,2-8-3-4-9-174-63-4-7-9-45002138-97-9-3-237-7-6
-51-44-4-7-9-96-37-59-1-2734-2-6415-14-3-250-6_-85-7014-6-74-2-90-13-140-50-90-7-1-7-9-43085,-85-7014-6-74-2-90-13-140-50-90-7-1-7-9-43085,-51-44-4-7-9-96-37-59-1-2734-2-6415-14-3-250-6
-85-7014-6-74-2-90-13-140-50-90-7-1-7-9-43085_SDEPT00502,SDEPT00502,-85-7014-6-74-2-90-13-140-50-90-7-1-7-9-43085
7-18-9-5-74-13-6-54-464-94802-97-3-96-258-47_864651-4030-8-11-90107-4-37-7-82-976150,864651-4030-8-11-90107-4-37-7-82-976150,7-18-9-5-74-13-6-54-464-94802-97-3-96-258-47
-928137-47-718-8-47-2-5-951-51-9-9-9-99072-6_864651-4030-8-11-90107-4-37-7-82-976150,-928137-47-718-8-47-2-5-951-51-9-9-9-99072-6,864651-4030-8-11-90107-4-37-7-82-976150
-928137-47-718-8-47-2-5-951-51-9-9-9-99072-6_SDEPT00702,SDEPT00702,-928137-47-718-8-47-2-5-951-51-9-9-9-99072-6
-6-491-5-2-2-5-91-20-81-6-4-95987-9255247-68_-8-3-3643910-980-1-99-29-54-773-6858-7330,-8-3-3643910-980-1-99-29-54-773-6858-7330,-6-491-5-2-2-5-91-20-81-6-4-95987-9255247-68
-8-3-3643910-980-1-99-29-54-773-6858-7330_6332-35-810-3-4-17-6909-43-22-65-4-9-37-8-7-6,6332-35-810-3-4-17-6909-43-22-65-4-9-37-8-7-6,-8-3-3643910-980-1-99-29-54-773-6858-7330
32-40-4-84-8-309-554-879-635-4-96-6-134-909_6332-35-810-3-4-17-6909-43-22-65-4-9-37-8-7-6,32-40-4-84-8-309-554-879-635-4-96-6-134-909,6332-35-810-3-4-17-6909-43-22-65-4-9-37-8-7-6
32-40-4-84-8-309-554-879-635-4-96-6-134-909_7-9-1-8-3-54-3-4-7-7053-2-3-321-19721675-265,7-9-1-8-3-54-3-4-7-7053-2-3-321-19721675-265,32-40-4-84-8-309-554-879-635-4-96-6-134-909
-8-9-445-47-9-51-3-2-52-912-7360-7-78-1-5-7292_7-9-1-8-3-54-3-4-7-7053-2-3-321-19721675-265,-8-9-445-47-9-51-3-2-52-912-7360-7-78-1-5-7292,7-9-1-8-3-54-3-4-7-7053-2-3-321-19721675-265
-8-9-445-47-9-51-3-2-52-912-7360-7-78-1-5-7292_02-2-9-306-9228-4-66308-937-3-6-76-6-76-926,02-2-9-306-9228-4-66308-937-3-6-76-6-76-926,-8-9-445-47-9-51-3-2-52-912-7360-7-78-1-5-7292
-79821-8-5-385-5-90007-20-22-60-322-78976_02-2-9-306-9228-4-66308-937-3-6-76-6-76-926,-79821-8-5-385-5-90007-20-22-60-322-78976,02-2-9-306-9228-4-66308-937-3-6-76-6-76-926
-79821-8-5-385-5-90007-20-22-60-322-78976_SLABS00302,SLABS00302,-79821-8-5-385-5-90007-20-22-60-322-78976
4-7-1-6-33-294-187-4-70-8-61-103-1-914-17-48-2_48-77-4-10-6-164764-923-216-9-33-8746-67-1,4-7-1-6-33-294-187-4-70-8-61-103-1-914-17-48-2,48-77-4-10-6-164764-923-216-9-33-8746-67-1
28308108-2-6-4-11-8-301-8-700-932-182501_4-7-1-6-33-294-187-4-70-8-61-103-1-914-17-48-2,28308108-2-6-4-11-8-301-8-700-932-182501,4-7-1-6-33-294-187-4-70-8-61-103-1-914-17-48-2
28308108-2-6-4-11-8-301-8-700-932-182501_SHALL02001,SHALL02001,28308108-2-6-4-11-8-301-8-700-932-182501
-5-39-4-88-4-4508-2570-6-70-2-1-219-79-1-1-518_SHALL01601,SHALL01601,-5-39-4-88-4-4508-2570-6-70-2-1-219-79-1-1-518
000-2-9-9-4-32-3-17967-9448-211-990-7306-2_SHALL01701,000-2-9-9-4-32-3-17967-9448-211-990-7306-2,SHALL01701
-5-39-4-88-4-4508-2570-6-70-2-1-219-79-1-1-518_000-2-9-9-4-32-3-17967-9448-211-990-7306-2,-5-39-4-88-4-4508-2570-6-70-2-1-219-79-1-1-518,000-2-9-9-4-32-3-17967-9448-211-990-7306-2
-4-9-5-5-1-2-6-484-45-8-14-9-9741310-5052-591_SHALL02101,-4-9-5-5-1-2-6-484-45-8-14-9-9741310-5052-591,SHALL02101
-4-9-5-5-1-2-6-484-45-8-14-9-9741310-5052-591_0-5-78-40420-836065501403-3-2-8-60-1-4-71,-4-9-5-5-1-2-6-484-45-8-14-9-9741310-5052-591,0-5-78-40420-836065501403-3-2-8-60-1-4-71
0-5707-5-5333-9-1-13-5-7-462-6-5-281-8-41715_SHALL02001,0-5707-5-5333-9-1-13-5-7-462-6-5-281-8-41715,SHALL02001
0-5-78-40420-836065501403-3-2-8-60-1-4-71_0-5707-5-5333-9-1-13-5-7-462-6-5-281-8-41715,0-5-78-40420-836065501403-3-2-8-60-1-4-71,0-5707-5-5333-9-1-13-5-7-462-6-5-281-8-41715
16-9524-205-2-9-76-8-98-4776097-6-5-30-4-1-8_SHALL01801,16-9524-205-2-9-76-8-98-4776097-6-5-30-4-1-8,SHALL01801
-584363-3-4-8-704-920-2049380-20-4074-67_SHALL01701,-584363-3-4-8-704-920-2049380-20-4074-67,SHALL01701
-584363-3-4-8-704-920-2049380-20-4074-67_16-9524-205-2-9-76-8-98-4776097-6-5-30-4-1-8,16-9524-205-2-9-76-8-98-4776097-6-5-30-4-1-8,-584363-3-4-8-704-920-2049380-20-4074-67
7243-4-4566-7101-7-6-66096-1135-2-447-5-5_SHALL02101,7243-4-4566-7101-7-6-66096-1135-2-447-5-5,SHALL02101
7243-4-4566-7101-7-6-66096-1135-2-447-5-5_SHALL01701,SHALL01701,7243-4-4566-7101-7-6-66096-1135-2-447-5-5
9-8494-7-641-36312-9-8016-89-7-4-35-2-3-945_SRETL00101,9-8494-7-641-36312-9-8016-89-7-4-35-2-3-945,SRETL00101
9-8494-7-641-36312-9-8016-89-7-4-35-2-3-945_SRETL00201,SRETL00201,9-8494-7-641-36312-9-8016-89-7-4-35-2-3-945
1-3-99-151-8-5-70-2676016053-1-480-6-9-11-4_SHALL02401,1-3-99-151-8-5-70-2676016053-1-480-6-9-11-4,SHALL02401
1-3-99-151-8-5-70-2676016053-1-480-6-9-11-4_SHALL02301,SHALL02301,1-3-99-151-8-5-70-2676016053-1-480-6-9-11-4
0-68-4-1-8-81-6-201410-8-6-190010-9-273-137_79-28350-3-8012-4-3708-4921-9-7-1-5-68-3-3-7,0-68-4-1-8-81-6-201410-8-6-190010-9-273-137,79-28350-3-8012-4-3708-4921-9-7-1-5-68-3-3-7
0-68-4-1-8-81-6-201410-8-6-190010-9-273-137_1-3-99-151-8-5-70-2676016053-1-480-6-9-11-4,1-3-99-151-8-5-70-2676016053-1-480-6-9-11-4,0-68-4-1-8-81-6-201410-8-6-190010-9-273-137
-2360574-66-1-246-2-30-5-781791-11-7100-8_SINFO00101,-2360574-66-1-246-2-30-5-781791-11-7100-8,SINFO00101
-8-6554928-35-6-676-6-4-3-7-91-66-98760-4-90_SHALL01501,-8-6554928-35-6-676-6-4-3-7-91-66-98760-4-90,SHALL01501
-8-6554928-35-6-676-6-4-3-7-91-66-98760-4-90_SLABS00201,SLABS00201,-8-6554928-35-6-676-6-4-3-7-91-66-98760-4-90
9-683-88028-4-3-6600-438-34-5-1-707027-5-3_SHALL00405,9-683-88028-4-3-6600-438-34-5-1-707027-5-3,SHALL00405
9-683-88028-4-3-6600-438-34-5-1-707027-5-3_SHALL00305,SHALL00305,9-683-88028-4-3-6600-438-34-5-1-707027-5-3
1-8-8-619-13-1611-467-1-40572-9-76-5-7-3-7-1-6_9-683-88028-4-3-6600-438-34-5-1-707027-5-3,9-683-88028-4-3-6600-438-34-5-1-707027-5-3,1-8-8-619-13-1611-467-1-40572-9-76-5-7-3-7-1-6
5-21-1-4-5-7-5606-6-8-5-9-5075-8189865-6884_SSERV00201,SSERV00201,5-21-1-4-5-7-5606-6-8-5-9-5075-8189865-6884
-3-1080-450-16-303-65-9-7-7-3-7554-9504360_5-21-1-4-5-7-5606-6-8-5-9-5075-8189865-6884,-3-1080-450-16-303-65-9-7-7-3-7554-9504360,5-21-1-4-5-7-5606-6-8-5-9-5075-8189865-6884
-6180-4-2090-91-29881-488-189-5005-66-5-4_97-53-17059-8-54-74-1-5-6969-6-3-780-3-10-84,-6180-4-2090-91-29881-488-189-5005-66-5-4,97-53-17059-8-54-74-1-5-6969-6-3-780-3-10-84
4-85220-7-320-85-8-56-5-2-65-189-24-4-7341-4_7-34-8-88-1-7-124-89-15-615-1-2060-79-2-8153,7-34-8-88-1-7-124-89-15-615-1-2060-79-2-8153,4-85220-7-320-85-8-56-5-2-65-189-24-4-7341-4
-7-20944-6-198-1-4-3-70-864-5-2473-2842610_857156-880-5-1393-5-2508-89-73390-6-548,857156-880-5-1393-5-2508-89-73390-6-548,-7-20944-6-198-1-4-3-70-864-5-2473-2842610
-7-20944-6-198-1-4-3-70-864-5-2473-2842610_9-6-5-5060-7-713-1-2-8-2-5-7-38-50836-5-296-10,9-6-5-5060-7-713-1-2-8-2-5-7-38-50836-5-296-10,-7-20944-6-198-1-4-3-70-864-5-2473-2842610
6110683-2-1518-9096-5-5-6-1-9-98-8-70-2-90-7_9-6-5-5060-7-713-1-2-8-2-5-7-38-50836-5-296-10,6110683-2-1518-9096-5-5-6-1-9-98-8-70-2-90-7,9-6-5-5060-7-713-1-2-8-2-5-7-38-50836-5-296-10
-3006-8-9-2746-4-2-1-3-1-60-5-4-881-3-1-306-67-8_6110683-2-1518-9096-5-5-6-1-9-98-8-70-2-90-7,-3006-8-9-2746-4-2-1-3-1-60-5-4-881-3-1-306-67-8,6110683-2-1518-9096-5-5-6-1-9-98-8-70-2-90-7
-7-20944-6-198-1-4-3-70-864-5-2473-2842610_-8-4-8-8-5-46-9-71-8-5-8-79-44-17-3-74-402-485-4-3,-8-4-8-8-5-46-9-71-8-5-8-79-44-17-3-74-402-485-4-3,-7-20944-6-198-1-4-3-70-864-5-2473-2842610
-5-27-7-243-5-9-60-8-49-5-3-1-123-4-6-10051-23-3_-8-4-8-8-5-46-9-71-8-5-8-79-44-17-3-74-402-485-4-3,-5-27-7-243-5-9-60-8-49-5-3-1-123-4-6-10051-23-3,-8-4-8-8-5-46-9-71-8-5-8-79-44-17-3-74-402-485-4-3
-7-8349-88-11211-1-4-1-38-1435-7-4-98-66-363_6110683-2-1518-9096-5-5-6-1-9-98-8-70-2-90-7,-7-8349-88-11211-1-4-1-38-1435-7-4-98-66-363,6110683-2-1518-9096-5-5-6-1-9-98-8-70-2-90-7
02-4611-8-7-220-4-2-523-2-14-1-50-3-2-121-86-4_9-6-5-5060-7-713-1-2-8-2-5-7-38-50836-5-296-10,02-4611-8-7-220-4-2-523-2-14-1-50-3-2-121-86-4,9-6-5-5060-7-713-1-2-8-2-5-7-38-50836-5-296-10
-2-72-395-4-1-40-4-17-636-6-6-9-9-4028-714-3-43_857156-880-5-1393-5-2508-89-73390-6-548,-2-72-395-4-1-40-4-17-636-6-6-9-9-4028-714-3-43,857156-880-5-1393-5-2508-89-73390-6-548
-31-58-24-6-5-9-3-908-7-50-9-1-80-4-1-7-4-339-68-3_857156-880-5-1393-5-2508-89-73390-6-548,-31-58-24-6-5-9-3-908-7-50-9-1-80-4-1-7-4-339-68-3,857156-880-5-1393-5-2508-89-73390-6-548
-37003-4-21-656-412651053-7-685-820-5-6-7_7-34-8-88-1-7-124-89-15-615-1-2060-79-2-8153,-37003-4-21-656-412651053-7-685-820-5-6-7,7-34-8-88-1-7-124-89-15-615-1-2060-79-2-8153
-2-72-395-4-1-40-4-17-636-6-6-9-9-4028-714-3-43_100238240-6-3-61-5-77674-6249-45-5700-7,100238240-6-3-61-5-77674-6249-45-5700-7,-2-72-395-4-1-40-4-17-636-6-6-9-9-4028-714-3-43
-30-30-6-8-7-30214424-300-6-2-346-69114-21_-8-60-515-41-8-63-7-97-102-18-73-4-87-81-2-429,-8-60-515-41-8-63-7-97-102-18-73-4-87-81-2-429,-30-30-6-8-7-30214424-300-6-2-346-69114-21
-30-30-6-8-7-30214424-300-6-2-346-69114-21_276-2-2-7-478-74630-4722633-9-50-36-4-36-6,276-2-2-7-478-74630-4722633-9-50-36-4-36-6,-30-30-6-8-7-30214424-300-6-2-346-69114-21
-5-421-2-19-8-166-4-805-148-6-69-8-4-8-183-37-3_276-2-2-7-478-74630-4722633-9-50-36-4-36-6,-5-421-2-19-8-166-4-805-148-6-69-8-4-8-183-37-3,276-2-2-7-478-74630-4722633-9-50-36-4-36-6
9-4-1184-64-7-20-6-3-49-6-5060-3-6849-5316-9_SHALL02501,9-4-1184-64-7-20-6-3-49-6-5060-3-6849-5316-9,SHALL02501
4703-8-8-3-9901-80079-46-4086150623-81_SHALL02101,4703-8-8-3-9901-80079-46-4086150623-81,SHALL02101
136-2-25-9-908-999-52-39-33-63-93-3802-8-76_4703-8-8-3-9901-80079-46-4086150623-81,136-2-25-9-908-999-52-39-33-63-93-3802-8-76,4703-8-8-3-9901-80079-46-4086150623-81
-47-2-94-3-2-11-8941-69-2-7-57-75-788-94-34-57_136-2-25-9-908-999-52-39-33-63-93-3802-8-76,-47-2-94-3-2-11-8941-69-2-7-57-75-788-94-34-57,136-2-25-9-908-999-52-39-33-63-93-3802-8-76
2-1-8-9-430301-72-80-6-72-2-6-5-2-81-647325-8_SELEV00Y02,SELEV00Y02,2-1-8-9-430301-72-80-6-72-2-6-5-2-81-647325-8
2-1-8-9-430301-72-80-6-72-2-6-5-2-81-647325-8_SHALL00102,SHALL00102,2-1-8-9-430301-72-80-6-72-2-6-5-2-81-647325-8
-2408-4-9-17-89-3-38-420-3-897-3416-9-1-92-6-1_SLABS00102,SLABS00102,-2408-4-9-17-89-3-38-420-3-897-3416-9-1-92-6-1
-5555-6-98-70-70-465-60-7-8864-61949417-3_04738-6-6-871-67-4-695-6-10-6250-976-55-3-3,04738-6-6-871-67-4-695-6-10-6250-976-55-3-3,-5555-6-98-70-70-465-60-7-8864-61949417-3
0-9-3-8-548562-25-85-7-4-328-2-746879-2-13-8_19-6336-6-19-66-870-1-705-80-6-90-873-144-9,0-9-3-8-548562-25-85-7-4-328-2-746879-2-13-8,19-6336-6-19-66-870-1-705-80-6-90-873-144-9
-2253476-202-99-621-4-30-7-303-74-2-5-6-6-6-4_94-650-8-655650-6-801-29-53-57-91-706-98-8,94-650-8-655650-6-801-29-53-57-91-706-98-8,-2253476-202-99-621-4-30-7-303-74-2-5-6-6-6-4
7-34-8-88-1-7-124-89-15-615-1-2060-79-2-8153_94-650-8-655650-6-801-29-53-57-91-706-98-8,94-650-8-655650-6-801-29-53-57-91-706-98-8,7-34-8-88-1-7-124-89-15-615-1-2060-79-2-8153
857156-880-5-1393-5-2508-89-73390-6-548_94-650-8-655650-6-801-29-53-57-91-706-98-8,857156-880-5-1393-5-2508-89-73390-6-548,94-650-8-655650-6-801-29-53-57-91-706-98-8
-3-509-79-137-3129-6-1-86-50-7-4-18-55-5-2-7-98_3-69-730-701-1-2-6-282-793084-8-32-2-3-8-3-8-4,-3-509-79-137-3129-6-1-86-50-7-4-18-55-5-2-7-98,3-69-730-701-1-2-6-282-793084-8-32-2-3-8-3-8-4
-37003-4-21-656-412651053-7-685-820-5-6-7_3-69-730-701-1-2-6-282-793084-8-32-2-3-8-3-8-4,-37003-4-21-656-412651053-7-685-820-5-6-7,3-69-730-701-1-2-6-282-793084-8-32-2-3-8-3-8-4
-30-30-6-8-7-30214424-300-6-2-346-69114-21_3-69-730-701-1-2-6-282-793084-8-32-2-3-8-3-8-4,-30-30-6-8-7-30214424-300-6-2-346-69114-21,3-69-730-701-1-2-6-282-793084-8-32-2-3-8-3-8-4
-90-99-89-857-6-8-7-2-512-3691740-20-8430-9_52-30-2-19-2-4-23765-6947-420-8-52-3-37943,-90-99-89-857-6-8-7-2-512-3691740-20-8430-9,52-30-2-19-2-4-23765-6947-420-8-52-3-37943
-90-99-89-857-6-8-7-2-512-3691740-20-8430-9_4-85220-7-320-85-8-56-5-2-65-189-24-4-7341-4,4-85220-7-320-85-8-56-5-2-65-189-24-4-7341-4,-90-99-89-857-6-8-7-2-512-3691740-20-8430-9
-6180-4-2090-91-29881-488-189-5005-66-5-4_-90-99-89-857-6-8-7-2-512-3691740-20-8430-9,-6180-4-2090-91-29881-488-189-5005-66-5-4,-90-99-89-857-6-8-7-2-512-3691740-20-8430-9
-5-421-2-19-8-166-4-805-148-6-69-8-4-8-183-37-3_46-6270-5-4362-7-635-3-651-2-6-28975-310-3,-5-421-2-19-8-166-4-805-148-6-69-8-4-8-183-37-3,46-6270-5-4362-7-635-3-651-2-6-28975-310-3
8-98-623-8-3-5-95-854-3-8-5368-2-9-64958-104_97-53-17059-8-54-74-1-5-6969-6-3-780-3-10-84,8-98-623-8-3-5-95-854-3-8-5368-2-9-64958-104,97-53-17059-8-54-74-1-5-6969-6-3-780-3-10-84
14060-486-6-4-26-31-8-7-411-484-4-8-11-44-5-5_9-4-1184-64-7-20-6-3-49-6-5060-3-6849-5316-9,14060-486-6-4-26-31-8-7-411-484-4-8-11-44-5-5,9-4-1184-64-7-20-6-3-49-6-5060-3-6849-5316-9
-17-174-40-935764-1-33203677191602-60_SELEV00Z05,-17-174-40-935764-1-33203677191602-60,SELEV00Z05
-17-174-40-935764-1-33203677191602-60_-90-99-89-857-6-8-7-2-512-3691740-20-8430-9,-90-99-89-857-6-8-7-2-512-3691740-20-8430-9,-17-174-40-935764-1-33203677191602-60
-38-1-50-3-18-48-941-25-7938-76-2-356-30942_SELEV00Y05,-38-1-50-3-18-48-941-25-7938-76-2-356-30942,SELEV00Y05
-38-1-50-3-18-48-941-25-7938-76-2-356-30942_3-69-730-701-1-2-6-282-793084-8-32-2-3-8-3-8-4,-38-1-50-3-18-48-941-25-7938-76-2-356-30942,3-69-730-701-1-2-6-282-793084-8-32-2-3-8-3-8-4
-38-1-50-3-18-48-941-25-7938-76-2-356-30942_-84-89-4-25-110-2-82-94-40-48535-762-5-84-29,-84-89-4-25-110-2-82-94-40-48535-762-5-84-29,-38-1-50-3-18-48-941-25-7938-76-2-356-30942
-17-174-40-935764-1-33203677191602-60_-93390-8-60-2-3-95-63-24-190-4-61-374-34005,-93390-8-60-2-3-95-63-24-190-4-61-374-34005,-17-174-40-935764-1-33203677191602-60
2-952793-64-51-87-644-14-4-4-302-823-896-5_56-94-9-94-3-825-9-9-95-11-4-6-22-80402-5-459,2-952793-64-51-87-644-14-4-4-302-823-896-5,56-94-9-94-3-825-9-9-95-11-4-6-22-80402-5-459
-80-1-1-1-3-500-8-2381-8-72-5-8-72-7-9-7-37-1-18-1_2-952793-64-51-87-644-14-4-4-302-823-896-5,-80-1-1-1-3-500-8-2381-8-72-5-8-72-7-9-7-37-1-18-1,2-952793-64-51-87-644-14-4-4-302-823-896-5
2-952793-64-51-87-644-14-4-4-302-823-896-5_5-2-6-2-2-21-67-1-1-2-22444-4-6-87-3-2376-14-65,5-2-6-2-2-21-67-1-1-2-22444-4-6-87-3-2376-14-65,2-952793-64-51-87-644-14-4-4-302-823-896-5
-526-1-8-9-70-3-6394-1-2-511-50-92739095-83_5-2-6-2-2-21-67-1-1-2-22444-4-6-87-3-2376-14-65,-526-1-8-9-70-3-6394-1-2-511-50-92739095-83,5-2-6-2-2-21-67-1-1-2-22444-4-6-87-3-2376-14-65
5-2-6-2-2-21-67-1-1-2-22444-4-6-87-3-2376-14-65_90-8776-742536-1-1-70-6-3-75-985-47-74204,90-8776-742536-1-1-70-6-3-75-985-47-74204,5-2-6-2-2-21-67-1-1-2-22444-4-6-87-3-2376-14-65
-984-4-54-9-7-17-8540-9-9906-826-86627-3-3-6_90-8776-742536-1-1-70-6-3-75-985-47-74204,-984-4-54-9-7-17-8540-9-9906-826-86627-3-3-6,90-8776-742536-1-1-70-6-3-75-985-47-74204
-2334-1701-30-121-996-5-21-45-52340-9869_-984-4-54-9-7-17-8540-9-9906-826-86627-3-3-6,-2334-1701-30-121-996-5-21-45-52340-9869,-984-4-54-9-7-17-8540-9-9906-826-86627-3-3-6
-2-6-70-678-5-1-4-7-304-5-4-3-90010-283-16603_-2334-1701-30-121-996-5-21-45-52340-9869,-2-6-70-678-5-1-4-7-304-5-4-3-90010-283-16603,-2334-1701-30-121-996-5-21-45-52340-9869
-2-6-70-678-5-1-4-7-304-5-4-3-90010-283-16603_-3-20130-9-670-5-6-11-4830599-84-3434-74-2,-3-20130-9-670-5-6-11-4830599-84-3434-74-2,-2-6-70-678-5-1-4-7-304-5-4-3-90010-283-16603
-93390-8-60-2-3-95-63-24-190-4-61-374-34005_-984-4-54-9-7-17-8540-9-9906-826-86627-3-3-6,-93390-8-60-2-3-95-63-24-190-4-61-374-34005,-984-4-54-9-7-17-8540-9-9906-826-86627-3-3-6
-7-5514-6-6863-1410-2523-773-1-43-78-5-942_3-935-95000-174-10-83497-1-554-87-6-660-6,-7-5514-6-6863-1410-2523-773-1-43-78-5-942,3-935-95000-174-10-83497-1-554-87-6-660-6
-526-1-8-9-70-3-6394-1-2-511-50-92739095-83_-7-5514-6-6863-1410-2523-773-1-43-78-5-942,-526-1-8-9-70-3-6394-1-2-511-50-92739095-83,-7-5514-6-6863-1410-2523-773-1-43-78-5-942
-7-5514-6-6863-1410-2523-773-1-43-78-5-942_-84-89-4-25-110-2-82-94-40-48535-762-5-84-29,-84-89-4-25-110-2-82-94-40-48535-762-5-84-29,-7-5514-6-6863-1410-2523-773-1-43-78-5-942
0-2-40-1-5-4-3-378255-20-8-7-749-3-5-70-7-4002_3-935-95000-174-10-83497-1-554-87-6-660-6,0-2-40-1-5-4-3-378255-20-8-7-749-3-5-70-7-4002,3-935-95000-174-10-83497-1-554-87-6-660-6
-526-1-8-9-70-3-6394-1-2-511-50-92739095-83_-923160-685-528-74-9-896-49-788-440-5-27-9,-923160-685-528-74-9-896-49-788-440-5-27-9,-526-1-8-9-70-3-6394-1-2-511-50-92739095-83
-3303-4353-5-2092-275-1831-86-4-78-213-51_3-935-95000-174-10-83497-1-554-87-6-660-6,-3303-4353-5-2092-275-1831-86-4-78-213-51,3-935-95000-174-10-83497-1-554-87-6-660-6
-2334-1701-30-121-996-5-21-45-52340-9869_-3303-4353-5-2092-275-1831-86-4-78-213-51,-2334-1701-30-121-996-5-21-45-52340-9869,-3303-4353-5-2092-275-1831-86-4-78-213-51
-3303-4353-5-2092-275-1831-86-4-78-213-51_9-8130-5-8-64-7-4-25212768-4-3-2410-9908-9,9-8130-5-8-64-7-4-25212768-4-3-2410-9908-9,-3303-4353-5-2092-275-1831-86-4-78-213-51
0-2-40-1-5-4-3-378255-20-8-7-749-3-5-70-7-4002_39-87-344-5-45-564-520-3-500-46925-13-496,39-87-344-5-45-564-520-3-500-46925-13-496,0-2-40-1-5-4-3-378255-20-8-7-749-3-5-70-7-4002
-4013252-72051-3-3-1-69-69-80-2-5-6-137818_39-87-344-5-45-564-520-3-500-46925-13-496,-4013252-72051-3-3-1-69-69-80-2-5-6-137818,39-87-344-5-45-564-520-3-500-46925-13-496
-4013252-72051-3-3-1-69-69-80-2-5-6-137818_4-958-3-6-451-303-32-743-5-35-17704172-32,4-958-3-6-451-303-32-743-5-35-17704172-32,-4013252-72051-3-3-1-69-69-80-2-5-6-137818
-4013252-72051-3-3-1-69-69-80-2-5-6-137818_262-293491-4820-999-623-53-662-4658-70,262-293491-4820-999-623-53-662-4658-70,-4013252-72051-3-3-1-69-69-80-2-5-6-137818
-9-2-1-3-74-6297-7-33-128-8-929-6-790-20-77-3-6_262-293491-4820-999-623-53-662-4658-70,-9-2-1-3-74-6297-7-33-128-8-929-6-790-20-77-3-6,262-293491-4820-999-623-53-662-4658-70
-83670-75-7-83370-2005-26472-78-301-3-5-8_-9-2-1-3-74-6297-7-33-128-8-929-6-790-20-77-3-6,-83670-75-7-83370-2005-26472-78-301-3-5-8,-9-2-1-3-74-6297-7-33-128-8-929-6-790-20-77-3-6
-3-20130-9-670-5-6-11-4830599-84-3434-74-2_6-4932-9-19-3-78-9602-7-484-55-264270240,6-4932-9-19-3-78-9602-7-484-55-264270240,-3-20130-9-670-5-6-11-4830599-84-3434-74-2
-396-3-1-4-2-6-26-224507-260-4-2-1-2-417-7-586_6-4932-9-19-3-78-9602-7-484-55-264270240,-396-3-1-4-2-6-26-224507-260-4-2-1-2-417-7-586,6-4932-9-19-3-78-9602-7-484-55-264270240
